Title,Company,Link
Billing Disputes Specialist,Clipboard Health,https://weworkremotely.com/company/clipboard-health
Junior Customer Support Specialist (Remote),Kreativstorm,https://weworkremotely.com/company/kreativstorm
Customer Support Team Leader,Clipboard Health,https://weworkremotely.com/company/clipboard-health
Customer Support Specialist,Clipboard Health,https://weworkremotely.com/company/clipboard-health
Full Stack Developer Bootcamp - Job Guaranteed ðŸš€,Metana,https://weworkremotely.comhttps://metana.io/full-stack-software-engineer-bootcamp/?utm_source=weworkremotely.com&utm_medium=homepage-ad
"Chat Support Agent (Remote) - Entry Level, No Degree Required - 15 - 18 per Hour",NoGigiddy,https://weworkremotely.com/company/nogigiddy
Technical Support Agent enjoying solving problems,QuickMail,https://weworkremotely.com/company/quickmail
Customer Support Specialist (LATAM),Loop Support,https://weworkremotely.com/company/loop-support
"Customer Support Specialist (LATAM, US experience encouraged)",Loop Support,https://weworkremotely.com/company/loop-support
Freelancer (m/w/d) im Inbound Kundenservice - EU only - 100% Home Office,hey contact heroes GmbH,https://weworkremotely.com/company/hey-contact-heroes-gmbh
Remote Customer Service Rep Up to 19/hour - No Degree Needed,NoGigiddy,https://weworkremotely.com/company/nogigiddy
Customer Support Manager,Komoot,https://weworkremotely.com/company/komoot
Collections Account Manager,Clipboard Health,https://weworkremotely.com/company/clipboard-health
Growth Marketing Manager,Subscript,https://weworkremotely.com/company/subscript
Social Media Manager,Tiller,https://weworkremotely.com/company/tiller
Managing Editor,GrowthX Labs,https://weworkremotely.com/company/growthx-labs
Sales Representative,We Work Remotely,https://weworkremotely.com/company/we-work-remotely
Remote Sales Development Representative (SDR),NoGigiddy,https://weworkremotely.com/company/nogigiddy
WP All Import: SEO Strategist & Writer,WP All Import,https://weworkremotely.com/company/wp-all-import
Sales Engineer for Open Source Software Team,OpenCraft,https://weworkremotely.com/company/opencraft
Remote Inside Sales,Report Owl LLC,https://weworkremotely.com/company/report-owl-llc
Remote Sales Chat Representative,UsedConex.com,https://weworkremotely.com/company/usedconex-com
Outbound Sales Development Rep.,QuickMail,https://weworkremotely.com/company/quickmail
Social Media Video Content Creator,Canonical,https://weworkremotely.com/company/canonical
SEO Specialist,Toggl,https://weworkremotely.com/company/toggl
Partnerships and Affiliates Manager,Toggl,https://weworkremotely.com/company/toggl
Technical Writer,Codeless LLC,https://weworkremotely.com/company/codeless-llc
Operations Onboarding Associate,We Work Remotely,https://weworkremotely.com/company/we-work-remotely
Media Buyer | (Assistant) Campaign Manager,Z3 Media,https://weworkremotely.com/company/z3-media
Internal Communications Manager - Field Operations,Samsara,https://weworkremotely.com/company/samsara
FT/PT Remote AI Prompt Engineering & Evaluation - Will Train,DataAnnotation.tech,https://weworkremotely.com/company/dataannotation-tech
Operations Project Coordinator,We Work Remotely,https://weworkremotely.com/company/we-work-remotely
Online English Teacher,Native Camp,https://weworkremotely.com/company/native-camp
Freelance Writer to Simplify Legalese,Legalcom Group,https://weworkremotely.com/company/legalcom-group
Freelance Writer,ProWriterSites,https://weworkremotely.com/company/prowritersites
Senior Manual QA Engineer,Lemon.io,https://weworkremotely.com/company/lemon-io
Recruiter,OnTheGoSystems,https://weworkremotely.com/company/onthegosystems
Project Manager,"VEXXHOST, Inc.",https://weworkremotely.com/company/vexxhost-inc
Senior Next.js Developer,Proxify AB,https://weworkremotely.com/company/proxify-ab
Senior Magento Developer,Proxify AB,https://weworkremotely.com/company/proxify-ab
Senior Unreal Engine Developer,Proxify AB,https://weworkremotely.com/company/proxify-ab
Senior Data Engineer,Proxify AB,https://weworkremotely.com/company/proxify-ab
Senior React Native Developer,Proxify AB,https://weworkremotely.com/company/proxify-ab
Senior Data Scientist,Proxify AB,https://weworkremotely.com/company/proxify-ab
Senior BI Specialist,Proxify AB,https://weworkremotely.com/company/proxify-ab
Senior Business Intelligence Engineer,Proxify AB,https://weworkremotely.com/company/proxify-ab
Partnerships Specialist,OnTheGoSystems,https://weworkremotely.com/company/onthegosystems
Business Development Lead,Toggl,https://weworkremotely.com/company/toggl
Senior Product Marketing Manager â€” Toggl Work,Toggl,https://weworkremotely.com/company/toggl
Product Designer / UX Designer,SlideSpeak AI,https://weworkremotely.com/company/slidespeak-ai
Head of Product Design,Close,https://weworkremotely.com/company/close
Course Editor (UI/UX Design),IxDF - Interaction Design Foundation,https://weworkremotely.com/company/ixdf-interaction-design-foundation
Front end Manager,Soar Financials,https://weworkremotely.com/company/soar-financials
UI/UX Designer,Files.com,https://weworkremotely.com/company/files-com
Entry Level Sales Agent - Chat Only - Side Hustle,Used Conex LLC,https://weworkremotely.com/company/used-conex-llc
Entry Level UX Design Internship,Ideate Labs,https://weworkremotely.com/company/ideate-labs
Entry Level UX Design Apprenticeship,Ideate Labs,https://weworkremotely.com/company/ideate-labs
Humble Hacker Wanted: Build MVPs with WordPress + Go Beyond,The Humble Hackers,https://weworkremotely.com/company/the-humble-hackers
Senior React.js & Node.js Developer,Lemon.io,https://weworkremotely.com/company/lemon-io
Full Remote:Bio&Pathology Field Senior Full Stuck Developer,LifeAnalytics,https://weworkremotely.com/company/lifeanalytics
Senior React.js & Python Developer,Lemon.io,https://weworkremotely.com/company/lemon-io
Senior Independent Software Developer ($90-$170/hr),A.Team,https://weworkremotely.com/company/a-team
Founding Product Engineer,GrowthX,https://weworkremotely.com/company/growthx
Senior Blockchain Developers - Smart contract and Web3 experts,Playmate,https://weworkremotely.com/company/playmate
Senior Shopify Developer (Remote + Flexible),Storetasker,https://weworkremotely.com/company/storetasker
Full Stack Perl Developer - Join A Small Team Building Big Things,ClickMagick,https://weworkremotely.com/company/clickmagick
Full-Stack Wordpress Developer,BBE Marketing Inc,https://weworkremotely.com/company/bbe-marketing-inc
Senior Engineer,Revenue Vessel,https://weworkremotely.com/company/revenue-vessel
Web3 Blockchain Developer (Node.js),VCRED,https://weworkremotely.com/company/vcred
Product Engineer,Much Better Adventures,https://weworkremotely.com/company/much-better-adventures
Full Stack Ruby Engineer,OpenPlay,https://weworkremotely.com/company/openplay
Humble Hacker Wanted: Remote Developer & AI Enthusiast for Scraping and Automation,The Humble Hackers,https://weworkremotely.com/company/the-humble-hackers
AI Engineering Lead,Starbridge AI,https://weworkremotely.com/company/starbridge-ai
Senior iOS Engineer,Primer,https://weworkremotely.com/company/primer
Senior Backend Engineer,Toggl,https://weworkremotely.com/company/toggl
"Senior GO Developer (DIstributed System, blockchain)",Swarm Foundation,https://weworkremotely.com/company/swarm-foundation
Senior Product Manager,Toggl,https://weworkremotely.com/company/toggl
Product Analyst,Wordwall,https://weworkremotely.com/company/wordwall
Senior Independent Product Manager/Product Designer ($90-$170/hr),A.Team,https://weworkremotely.com/company/a-team
Senior DevOps Engineer (Azure),Proxify AB,https://weworkremotely.com/company/proxify-ab
Senior DevOps Engineer (AWS),Proxify AB,https://weworkremotely.com/company/proxify-ab
Business Analyst,Elite Software Automation,https://weworkremotely.com/company/elite-software-automation
Collection Specialist,Clipboard Health,https://weworkremotely.com/company/clipboard-health
IFRS Accountant with Multiple Jurisdiction Experience,Flag Theory,https://weworkremotely.com/company/flag-theory
Marketing Automation SaaS + Services Line of Business Owner,New Law Business Model,https://weworkremotely.com/company/new-law-business-model
Social Media Expert,Crisis Control Solutions LLC,https://weworkremotely.com/company/crisis-control-solutions-llc
